{"n_params": 393812, "eval-eval": {"loss": {"min": 3.14703631401062}, "acc": {"max": 0.05000000074505806}}, "eval-test": {"acc": {"max": 0.05300000309944153}}, "best_test_acc": {"max": 0.05300000309944153}, "best_test_acc_train_iter": {"last": 0}, "patience_left": 5, "best_test_loss": {"min": 3.150743007659912}, "best_test_loss_train_iter": {"last": 0}, "_timestamp": 1717797493.6222007, "_runtime": 54.41514182090759, "_step": 0, "_wandb": {"runtime": 90}}