{"n_params": 392512, "eval-eval": {"loss": {"min": 20.390094757080078}}, "patience_left": 5, "best_test_loss": {"min": 20.579126358032227}, "best_test_loss_train_iter": {"last": 0}, "_timestamp": 1717796806.5903103, "loss": {"min": 19.56101417541504}, "excess_loss": 2.9807259695870534, "n_points": 32, "n_dims": 20, "_n_points": 32.0, "_n_dims": 20.0, "lr": 0.0, "_runtime": 808.8105852603912, "_step": 0, "_wandb": {"runtime": 859}}