{"n_params": 392512, "eval-eval": {"loss": {"min": 5.584843635559082}}, "patience_left": 5, "best_test_loss": {"min": 5.635309219360352}, "best_test_loss_train_iter": {"last": 0}, "_timestamp": 1717688669.8065572, "_runtime": 42.26316213607788, "_step": 0, "_wandb": {"runtime": 44}}