{"n_params": 32711200, "eval-eval": {"loss": {"min": 10.988290786743164}}, "eval-test": {"acc": {"max": 0.0}}, "patience_left": 5, "best_test_loss_train_iter": {"last": 0}, "_timestamp": 1717797868.4908516, "_runtime": 91.51497864723206, "_step": 0, "_wandb": {"runtime": 116}}