{"n_params": 392512, "eval-eval": {"loss": {"min": 5.134899616241455}}, "patience_left": 5, "best_test_loss": {"min": 5.12868595123291}, "best_test_loss_train_iter": {"last": 0}, "_timestamp": 1717689016.4104507, "_runtime": 41.71035981178284, "_step": 0, "_wandb": {"runtime": 43}}