{"n_params": 392512, "eval-eval": {"loss": {"min": 5.178821563720703}}, "patience_left": 5, "best_test_loss": {"min": 5.166935920715332}, "best_test_loss_train_iter": {"last": 0}, "_timestamp": 1717688328.6125991, "_runtime": 43.24345302581787, "_step": 0, "_wandb": {"runtime": 48}}