{"n_params": 764808, "eval-eval": {"loss": {"min": 2.0899136066436768}, "acc": {"max": 0.11000000685453415}}, "eval-test": {"acc": {"max": 0.1120000034570694}}, "best_test_acc": {"max": 0.1120000034570694}, "best_test_acc_train_iter": {"last": 0}, "patience_left": 5, "best_test_loss": {"min": 2.0890181064605713}, "best_test_loss_train_iter": {"last": 0}, "_timestamp": 1717797357.530299, "_runtime": 431.61768889427185, "_step": 0, "_wandb": {"runtime": 451}}