{"n_params": 392512, "eval-eval": {"loss": {"min": 7.7729291915893555}, "acc": {"max": 0.5220000147819519}}, "eval-test": {"acc": {"max": 0.4910000264644623}}, "best_test_acc": {"max": 0.4910000264644623}, "best_test_acc_train_iter": {"last": 0}, "patience_left": 5, "best_test_loss": {"min": 7.801868438720703}, "best_test_loss_train_iter": {"last": 0}, "_timestamp": 1717797695.8326783, "_runtime": 88.7506513595581, "_step": 0, "_wandb": {"runtime": 114}}